Departement,Prenom,Nom
Ressources Humaines,Alice,Smith
Ressources Humaines,John,Doe
Ressources Humaines,Sarah,Johnson
Ressources Humaines,Michael,Brown
Comptabilité,Emily,Davis
Comptabilité,David,Wilson
Comptabilité,Laura,Miller
Comptabilité,James,Anderson
Développement,Jennifer,Lee
Développement,Robert,White
Développement,Jessica,Taylor
Développement,Christopher,Harris
Informatique,Elizabeth,Clark
Informatique,William,Martinez
Informatique,Amanda,Hall
Informatique,Daniel,Rodriguez
SAV,Olivia,Turner
SAV,Kevin,Garcia
SAV,Sophia,Allen
SAV,Thomas,Walker
Marketing,Mia,Scott
Marketing,Charles,Evans
Marketing,Grace,Moore
Marketing,Joseph,King
Direction,Lily,Jackson
Direction,Andrew,Taylor
Direction,Sophia,Baker
Direction,Matthew,Green
Logistique,Emma,Wright
Logistique,Nicholas,Lewis
Logistique,Abigail,Adams
Logistique,Samuel,Harris
Production,Chloe,Hall
Production,Benjamin,Hill
Production,Natalie,Parker
Production,Jacob,Carter
